{"cameraMode":{"drawMode":0,"name":"Shaded","section":"Shading Mode"},"sceneLighting":true,"audioPlay":false,"sceneViewState":{"m_AlwaysRefresh":false,"showFog":true,"showSkybox":true,"showFlares":true,"showImageEffects":true,"showParticleSystems":true,"showVisualEffectGraphs":true,"m_FxEnabled":true},"in2DMode":false,"pivot":{"x":-8.611185073852539,"y":13.556880950927735,"z":-32.90147399902344},"rotation":{"x":0.061161987483501437,"y":0.0011977452086284757,"z":-0.00007352892134804279,"w":0.9981310367584229},"size":12.12435531616211,"orthographic":false}